datetime,year,name,latitude,longitude,max_wind_knots,category
1851-06-25 21:00:00,1851,AL011851,28.2,-96.8,80,1
1851-08-23 21:00:00,1851,AL041851,30.1,-85.7,100,3
1852-08-26 06:00:00,1852,AL011852,30.2,-88.6,100,3
1852-09-12 00:00:00,1852,AL031852,28.0,-82.8,70,1
1852-10-09 21:00:00,1852,AL051852,29.9,-84.4,90,2
1854-06-26 12:00:00,1854,AL011854,26.2,-97.0,70,1
1854-09-08 20:00:00,1854,AL031854,31.7,-81.1,100,3
1854-09-18 21:00:00,1854,AL041854,28.9,-95.3,90,2
1855-09-16 03:00:00,1855,AL051855,29.2,-89.5,110,3
1856-08-10 18:00:00,1856,AL011856,29.2,-91.1,130,4
1856-08-31 06:00:00,1856,AL051856,30.2,-85.9,90,2
1857-09-13 00:00:00,1857,AL021857,33.9,-78.0,90,2
1858-09-16 17:00:00,1858,AL031858,40.9,-72.2,80,1
1858-09-16 18:00:00,1858,AL031858,41.4,-72.0,70,1
1859-09-16 00:00:00,1859,AL051859,30.3,-88.1,70,1
1859-10-28 18:00:00,1859,AL081859,27.7,-82.8,80,1
1860-08-11 20:00:00,1860,AL011860,29.2,-90.0,110,3
1860-09-15 04:00:00,1860,AL041860,29.3,-89.6,90,2
1860-10-02 17:00:00,1860,AL061860,29.5,-91.4,90,2
1861-09-27 17:00:00,1861,AL051861,34.5,-77.4,70,1
1861-11-02 10:00:00,1861,AL081861,34.7,-76.6,70,1
1865-09-13 21:00:00,1865,AL041865,29.8,-93.4,90,2
1865-10-23 10:00:00,1865,AL071865,24.6,-81.7,90,2
1865-10-23 14:00:00,1865,AL071865,25.4,-81.1,90,2
1866-07-15 12:00:00,1866,AL011866,28.5,-96.5,90,2
1867-06-22 14:00:00,1867,AL011867,32.9,-79.7,70,1
1867-10-04 15:00:00,1867,AL071867,29.2,-91.0,90,2
1867-10-06 15:00:00,1867,AL071867,29.6,-83.4,70,1
1869-08-17 07:00:00,1869,AL021869,28.1,-96.8,90,2
1869-09-05 12:00:00,1869,AL051869,29.2,-90.0,70,1
1869-09-08 21:00:00,1869,AL061869,41.0,-71.9,100,3
1869-09-08 22:00:00,1869,AL061869,41.4,-71.7,100,3
1869-10-04 19:00:00,1869,AL101869,41.3,-70.5,90,2
1869-10-04 20:00:00,1869,AL101869,41.7,-70.4,90,2
1869-10-04 23:00:00,1869,AL101869,43.7,-70.1,90,2
1870-07-30 18:00:00,1870,AL011870,30.5,-88.0,70,1
1870-10-20 14:00:00,1870,AL091870,24.7,-82.8,80,1
1870-10-20 20:00:00,1870,AL091870,26.0,-81.8,80,1
1871-08-17 02:00:00,1871,AL031871,27.1,-80.2,100,3
1871-08-25 05:00:00,1871,AL041871,27.1,-80.3,90,2
1871-09-06 14:00:00,1871,AL061871,29.2,-83.0,70,1
1873-09-19 15:00:00,1873,AL031873,29.9,-84.4,70,1
1873-10-07 01:00:00,1873,AL051873,26.5,-82.2,100,3
1874-09-28 03:00:00,1874,AL061874,29.1,-82.9,70,1
1874-09-28 18:00:00,1874,AL061874,32.8,-80.0,80,1
1875-09-16 21:00:00,1875,AL031875,27.7,-97.2,100,3
1876-09-17 14:00:00,1876,AL021876,34.4,-77.6,80,1
1876-10-20 05:00:00,1876,AL051876,25.8,-81.4,90,2
1877-09-18 16:00:00,1877,AL021877,29.2,-91.0,70,1
1877-09-19 20:00:00,1877,AL021877,30.4,-86.6,70,1
1877-10-03 05:00:00,1877,AL041877,30.0,-85.5,100,3
1878-09-10 11:00:00,1878,AL051878,28.6,-82.6,90,2
1878-09-12 12:00:00,1878,AL051878,32.5,-80.4,80,1
1878-10-23 04:00:00,1878,AL111878,34.8,-77.1,90,2
1879-08-18 12:00:00,1879,AL021879,34.5,-76.8,100,3
1879-08-19 06:00:00,1879,AL021879,41.4,-70.8,70,1
1879-08-23 02:00:00,1879,AL031879,29.6,-94.4,90,2
1879-09-01 16:00:00,1879,AL041879,29.5,-91.4,110,3
1880-08-13 01:00:00,1880,AL021880,25.8,-97.0,130,4
1880-08-29 12:00:00,1880,AL041880,28.2,-80.6,90,2
1880-08-31 04:00:00,1880,AL041880,29.7,-84.8,70,1
1880-09-09 10:00:00,1880,AL061880,34.7,-77.1,70,1
1880-10-08 19:00:00,1880,AL091880,28.7,-83.0,70,1
1881-08-28 02:00:00,1881,AL051881,31.7,-81.1,90,2
1881-09-09 16:00:00,1881,AL061881,33.9,-78.1,90,2
1882-09-10 02:00:00,1882,AL021882,30.4,-86.8,110,3
1882-10-11 04:00:00,1882,AL061882,29.5,-83.3,70,1
1883-09-11 13:00:00,1883,AL031883,33.9,-78.5,90,2
1885-08-25 12:00:00,1885,AL021885,32.6,-80.1,90,2
1886-06-14 16:00:00,1886,AL011886,29.6,-94.2,85,2
1886-06-21 11:00:00,1886,AL021886,30.1,-84.0,85,2
1886-06-30 21:00:00,1886,AL031886,29.7,-85.2,85,2
1886-07-19 01:00:00,1886,AL041886,28.8,-82.7,70,1
1886-08-20 13:00:00,1886,AL051886,28.1,-96.8,130,4
1886-10-12 22:00:00,1886,AL101886,29.8,-93.5,105,3
1887-07-27 15:00:00,1887,AL041887,30.4,-86.6,75,1
1887-09-21 17:00:00,1887,AL091887,26.1,-97.2,75,1
1887-10-19 02:00:00,1887,AL131887,29.1,-90.4,75,1
1888-06-17 06:00:00,1888,AL011888,28.7,-95.7,70,1
1888-08-16 19:00:00,1888,AL031888,25.8,-80.1,110,3
1888-08-19 16:00:00,1888,AL031888,29.1,-90.7,95,2
1888-09-26 13:00:00,1888,AL061888,41.6,-69.9,70,1
1888-10-11 01:00:00,1888,AL071888,29.2,-83.1,95,2
1889-09-23 04:00:00,1889,AL061889,29.1,-89.8,70,1
1891-07-05 22:00:00,1891,AL011891,28.8,-95.5,80,1
1891-08-24 15:00:00,1891,AL031891,25.4,-80.2,70,1
1893-08-24 12:00:00,1893,AL041893,40.7,-73.9,75,1
1893-08-28 05:00:00,1893,AL061893,31.7,-81.1,100,3
1893-09-07 14:00:00,1893,AL081893,29.2,-91.1,85,2
1893-10-02 08:00:00,1893,AL101893,29.3,-89.8,115,4
1893-10-02 16:00:00,1893,AL101893,30.3,-88.9,95,2
1893-10-13 13:00:00,1893,AL091893,33.0,-79.5,105,3
1894-09-25 11:00:00,1894,AL041894,24.7,-82.0,70,1
1894-09-25 19:00:00,1894,AL041894,26.5,-82.0,90,2
1894-09-27 07:00:00,1894,AL041894,32.3,-80.7,80,1
1894-10-09 03:00:00,1894,AL051894,30.2,-85.5,105,3
1894-10-10 15:00:00,1894,AL051894,40.7,-72.9,75,1
1896-07-07 17:00:00,1896,AL011896,30.4,-86.5,85,2
1896-09-10 13:00:00,1896,AL021896,41.2,-70.6,70,1
1896-09-29 11:00:00,1896,AL041896,29.2,-83.1,110,3
1897-09-13 05:00:00,1897,AL021897,29.7,-93.8,75,1
1898-08-02 23:00:00,1898,AL011898,29.7,-84.8,70,1
1898-08-31 07:00:00,1898,AL021898,32.1,-80.8,75,1
1898-10-02 16:00:00,1898,AL071898,30.9,-81.4,115,4
1899-08-01 17:00:00,1899,AL021899,29.7,-84.7,85,2
1899-08-18 01:00:00,1899,AL031899,35.2,-75.8,105,3
1899-10-31 09:00:00,1899,AL091899,33.6,-79.0,95,2
1900-09-09 02:00:00,1900,AL011900,29.1,-95.1,120,4
1901-07-11 07:00:00,1901,AL031901,36.0,-75.8,70,1
1901-08-14 21:00:00,1901,AL041901,29.3,-89.6,75,1
1901-08-15 17:00:00,1901,AL041901,30.4,-88.8,75,1
1903-09-11 23:00:00,1903,AL031903,26.1,-80.1,75,1
1903-09-13 23:00:00,1903,AL031903,30.1,-85.6,80,1
1903-09-16 11:00:00,1903,AL041903,39.1,-74.7,70,1
1904-09-14 13:00:00,1904,AL021904,33.1,-79.2,70,1
1904-10-17 08:00:00,1904,AL041904,25.3,-80.3,70,1
1906-06-17 03:00:00,1906,AL021906,24.7,-81.1,70,1
1906-06-17 08:00:00,1906,AL021906,25.2,-80.7,75,1
1906-09-17 22:00:00,1906,AL051906,33.3,-79.2,80,1
1906-09-27 11:00:00,1906,AL061906,30.2,-88.6,95,2
1906-10-18 10:00:00,1906,AL081906,24.7,-81.1,105,3
1906-10-18 12:00:00,1906,AL081906,25.3,-80.7,105,3
1908-05-29 21:00:00,1908,AL021908,35.2,-75.6,65,1
1908-07-31 11:00:00,1908,AL031908,34.6,-77.1,70,1
1909-06-29 17:00:00,1909,AL021909,26.1,-97.2,85,2
1909-07-21 17:00:00,1909,AL041909,28.9,-95.3,100,3
1909-09-21 00:00:00,1909,AL091909,29.5,-91.3,100,3
1909-10-11 18:00:00,1909,AL111909,24.7,-81.0,100,3
1910-09-14 22:00:00,1910,AL031910,26.9,-97.4,90,2
1910-10-18 06:00:00,1910,AL051910,26.5,-82.0,95,2
1911-08-11 22:00:00,1911,AL021911,30.3,-87.5,70,1
1911-08-28 10:00:00,1911,AL031911,32.2,-80.7,85,2
1912-09-14 08:00:00,1912,AL041912,30.3,-88.4,65,1
1912-10-16 18:00:00,1912,AL061912,27.1,-97.4,85,2
1913-06-28 01:00:00,1913,AL011913,27.1,-97.4,65,1
1913-09-03 08:00:00,1913,AL041913,34.7,-76.6,75,1
1913-10-08 14:00:00,1913,AL051913,33.1,-79.4,65,1
1915-08-01 18:00:00,1915,AL011915,28.7,-80.8,65,1
1915-08-17 07:00:00,1915,AL021915,29.2,-95.1,115,4
1915-09-04 11:00:00,1915,AL041915,30.0,-85.4,80,1
1915-09-29 18:00:00,1915,AL061915,29.0,-90.3,110,3
1916-07-05 21:00:00,1916,AL021916,30.4,-88.4,105,3
1916-07-14 08:00:00,1916,AL041916,32.9,-79.5,95,2
1916-08-18 22:00:00,1916,AL061916,27.0,-97.4,115,4
1916-10-18 14:00:00,1916,AL141916,30.4,-87.4,95,2
1917-09-29 02:00:00,1917,AL041917,30.4,-86.6,100,3
1918-08-06 18:00:00,1918,AL011918,29.8,-93.2,105,3
1918-08-24 21:00:00,1918,AL031918,34.8,-76.8,65,1
1919-09-10 07:00:00,1919,AL021919,24.6,-82.9,130,4
1919-09-14 21:00:00,1919,AL021919,27.2,-97.3,100,3
1920-09-22 01:00:00,1920,AL021920,29.1,-90.8,85,2
1921-06-22 18:00:00,1921,AL011921,28.5,-95.9,80,1
1921-10-25 20:00:00,1921,AL061921,28.1,-82.8,100,3
1923-10-16 06:00:00,1923,AL061923,29.2,-91.0,70,1
1924-09-15 14:00:00,1924,AL051924,29.7,-85.3,75,1
1924-10-21 01:00:00,1924,AL101924,25.8,-81.8,80,1
1926-07-28 10:00:00,1926,AL011926,29.0,-80.8,90,2
1926-08-25 23:00:00,1926,AL031926,29.2,-90.9,100,3
1926-09-18 12:00:00,1926,AL071926,25.6,-80.3,125,4
1926-09-20 22:00:00,1926,AL071926,30.3,-87.5,100,3
1928-08-08 07:00:00,1928,AL011928,27.3,-80.2,85,2
1928-09-17 00:00:00,1928,AL041928,26.7,-80.0,125,4
1928-09-18 19:00:00,1928,AL041928,32.5,-80.3,75,1
1929-06-28 21:00:00,1929,AL011929,28.3,-96.4,80,1
1929-09-28 13:00:00,1929,AL021929,25.0,-80.5,100,3
1929-10-01 04:00:00,1929,AL021929,30.2,-85.7,70,1
1932-08-14 04:00:00,1932,AL021932,29.0,-95.2,130,4
1932-09-01 05:00:00,1932,AL031932,30.2,-88.1,75,1
1933-07-30 16:00:00,1933,AL051933,27.1,-80.1,65,1
1933-08-23 10:00:00,1933,AL061933,35.8,-75.6,80,1
1933-08-23 12:00:00,1933,AL061933,36.1,-75.8,75,1
1933-09-04 05:00:00,1933,AL111933,26.9,-80.1,110,3
1933-09-05 04:00:00,1933,AL081933,26.1,-97.2,110,3
1934-06-16 19:00:00,1934,AL011934,29.7,-91.7,85,2
1934-07-25 17:00:00,1934,AL031934,28.1,-96.8,75,1
1934-09-09 02:00:00,1934,AL071934,40.7,-73.0,65,1
1935-09-03 02:00:00,1935,AL031935,24.8,-80.8,160,5
1935-09-04 22:00:00,1935,AL031935,29.6,-83.4,85,2
1935-11-04 18:00:00,1935,AL071935,25.9,-80.1,85,2
1936-06-27 16:00:00,1936,AL031936,27.9,-97.0,70,1
1936-07-31 14:00:00,1936,AL051936,30.4,-86.6,90,2
1938-08-15 01:00:00,1938,AL031938,29.8,-93.4,65,1
1938-09-21 20:00:00,1938,AL061938,40.7,-72.9,105,3
1938-09-21 21:00:00,1938,AL061938,41.3,-72.9,100,3
1939-08-11 23:00:00,1939,AL021939,27.2,-80.2,65,1
1939-08-13 06:00:00,1939,AL021939,30.4,-86.4,65,1
1940-08-07 21:00:00,1940,AL021940,29.7,-94.1,85,2
1940-08-11 20:00:00,1940,AL031940,32.1,-80.8,85,2
1941-09-23 22:00:00,1941,AL021941,28.8,-95.6,110,3
1941-10-06 10:00:00,1941,AL051941,25.5,-80.2,85,2
1941-10-06 11:00:00,1941,AL051941,25.5,-80.3,85,2
1941-10-07 09:00:00,1941,AL051941,29.9,-84.6,80,1
1942-08-21 13:00:00,1942,AL021942,29.5,-94.6,65,1
1942-08-30 09:00:00,1942,AL031942,28.3,-96.6,100,3
1943-07-27 18:00:00,1943,AL011943,29.5,-94.6,90,2
1944-08-01 23:00:00,1944,AL031944,33.9,-78.1,70,1
1944-09-15 02:00:00,1944,AL071944,40.9,-72.2,90,2
1944-09-15 04:00:00,1944,AL071944,41.4,-71.6,85,2
1944-10-18 21:00:00,1944,AL131944,24.6,-82.9,105,3
1944-10-19 07:00:00,1944,AL131944,27.2,-82.5,90,2
1945-06-24 08:00:00,1945,AL011945,28.6,-82.7,70,1
1945-06-26 01:00:00,1945,AL011945,34.7,-76.6,65,1
1945-08-27 12:00:00,1945,AL051945,28.2,-96.7,100,3
1945-09-15 19:30:00,1945,AL091945,25.3,-80.3,115,4
1945-09-15 20:00:00,1945,AL091945,25.4,-80.4,115,4
1946-09-12 23:00:00,1946,AL041946,25.9,-77.3,65,1
1946-10-07 04:00:00,1946,AL061946,22.2,-83.9,80,1
1946-10-08 02:00:00,1946,AL061946,27.5,-82.6,75,1
1947-08-15 10:00:00,1947,AL021947,21.7,-97.5,95,2
1947-08-24 22:00:00,1947,AL031947,29.2,-94.9,70,1
1947-09-16 19:00:00,1947,AL041947,26.7,-77.1,105,3
1947-09-17 16:30:00,1947,AL041947,26.1,-80.1,115,4
1947-09-19 14:00:00,1947,AL041947,29.6,-89.5,95,2
1947-10-12 02:00:00,1947,AL091947,25.4,-81.2,80,1
1947-10-15 11:00:00,1947,AL091947,31.8,-80.9,90,2
1948-09-04 07:00:00,1948,AL051948,29.1,-90.5,70,1
1948-09-20 22:00:00,1948,AL081948,22.3,-82.1,110,3
1948-09-21 01:00:00,1948,AL081948,22.7,-82.0,110,3
1948-09-21 17:00:00,1948,AL081948,24.6,-81.6,105,3
1948-09-22 05:00:00,1948,AL081948,25.8,-81.3,115,4
1948-10-05 07:00:00,1948,AL091948,22.4,-83.2,110,3
1948-10-05 18:00:00,1948,AL091948,24.7,-81.2,90,2
1948-10-05 20:00:00,1948,AL091948,25.1,-80.9,90,2
1948-10-07 22:00:00,1948,AL091948,32.3,-64.9,90,2
1949-08-26 23:00:00,1949,AL021949,26.6,-80.0,115,4
1949-10-04 05:00:00,1949,AL111949,28.8,-95.6,95,2
1950-08-21 16:00:00,1950,ABLE,44.6,-63.7,65,1
1950-08-31 03:00:00,1950,BAKER,30.2,-88.0,75,1
1950-08-31 04:00:00,1950,BAKER,30.7,-87.9,75,1
1950-09-03 01:00:00,1950,EASY,21.5,-82.6,70,1
1950-09-03 07:00:00,1950,EASY,22.7,-82.3,80,1
1950-09-05 17:00:00,1950,EASY,29.1,-82.8,105,3
1950-09-06 04:00:00,1950,EASY,28.5,-82.7,90,2
1950-10-11 04:00:00,1950,ITEM,18.9,-95.9,90,2
1950-10-16 22:00:00,1950,KING,20.9,-78.3,80,1
1950-10-18 05:00:00,1950,KING,25.7,-80.2,115,4
1951-05-18 12:00:00,1951,ABLE,27.0,-77.9,75,1
1951-08-18 03:00:00,1951,CHARLIE,17.9,-76.9,110,3
1951-08-20 02:00:00,1951,CHARLIE,20.3,-87.0,115,4
1951-08-20 03:00:00,1951,CHARLIE,20.4,-87.3,115,4
1951-08-22 19:00:00,1951,CHARLIE,22.3,-97.8,100,3
1952-08-31 03:00:00,1952,ABLE,32.3,-80.6,85,2
1952-10-24 18:00:00,1952,FOX,22.0,-80.9,125,4
1952-10-26 10:00:00,1952,FOX,24.7,-76.2,75,1
1952-10-26 15:00:00,1952,FOX,24.5,-75.6,75,1
1953-08-14 03:00:00,1953,BARBARA,35.0,-76.1,80,1
1953-08-14 05:00:00,1953,BARBARA,35.4,-76.1,75,1
1953-08-14 09:00:00,1953,BARBARA,36.1,-75.9,70,1
1953-09-07 20:00:00,1953,CAROL,44.2,-66.4,75,1
1953-09-07 22:00:00,1953,CAROL,45.3,-65.8,70,1
1953-09-26 15:00:00,1953,FLORENCE,30.3,-86.2,80,1
1953-10-09 15:00:00,1953,HAZEL,26.7,-82.2,75,1
1953-10-09 16:00:00,1953,HAZEL,26.7,-82.1,75,1
1954-06-25 14:00:00,1954,ALICE,25.0,-97.6,95,2
1954-08-31 14:00:00,1954,CAROL,40.9,-72.2,100,3
1954-08-31 15:00:00,1954,CAROL,41.3,-72.0,100,3
1954-09-11 18:30:00,1954,EDNA,41.4,-70.5,95,2
1954-09-11 19:00:00,1954,EDNA,41.7,-70.3,95,2
1954-09-11 19:30:00,1954,EDNA,41.9,-70.1,90,2
1954-10-06 00:00:00,1954,HAZEL,12.2,-61.6,65,1
1954-10-12 09:00:00,1954,HAZEL,18.3,-74.2,105,3
1954-10-13 00:00:00,1954,HAZEL,19.6,-73.4,85,2
1954-10-13 14:00:00,1954,HAZEL,21.0,-73.1,85,2
1954-10-15 15:30:00,1954,HAZEL,33.9,-78.6,115,4
1955-01-02 21:00:00,1955,ALICE,18.0,-63.0,65,1
1955-08-12 15:00:00,1955,CONNIE,34.7,-76.7,85,2
1955-09-05 22:00:00,1955,GLADYS,23.1,-97.8,65,1
1955-09-13 21:00:00,1955,HILDA,20.2,-74.2,70,1
1955-09-15 03:00:00,1955,HILDA,19.3,-81.2,65,1
1955-09-16 14:00:00,1955,HILDA,19.7,-87.7,105,3
1955-09-19 11:00:00,1955,HILDA,22.3,-97.9,105,3
1955-09-19 11:00:00,1955,IONE,34.7,-76.7,90,2
1955-09-23 00:00:00,1955,JANET,12.6,-61.4,90,2
1955-09-27 17:00:00,1955,JANET,17.4,-83.9,140,5
1955-09-28 05:00:00,1955,JANET,18.4,-87.8,150,5
1955-09-29 18:00:00,1955,JANET,19.8,-96.4,95,2
1955-10-17 05:00:00,1955,KATIE,18.0,-71.7,95,2
1956-07-26 21:00:00,1956,ANNA,21.7,-97.5,75,1
1956-09-24 10:00:00,1956,FLOSSY,29.1,-89.4,75,1
1956-09-25 00:00:00,1956,FLOSSY,30.4,-86.4,80,1
1957-06-27 13:30:00,1957,AUDREY,29.8,-93.7,110,3
1958-09-01 12:00:00,1958,ELLA,18.2,-73.4,95,2
1958-09-02 00:00:00,1958,ELLA,20.0,-76.2,70,1
1959-07-09 04:00:00,1959,CINDY,33.0,-79.6,65,1
1959-07-25 05:00:00,1959,DEBRA,29.1,-95.2,75,1
1959-09-29 17:00:00,1959,GRACIE,32.5,-80.4,115,4
1960-07-15 06:00:00,1960,ABBY,16.3,-86.6,70,1
1960-07-15 14:00:00,1960,ABBY,16.5,-88.4,70,1
1960-09-04 22:00:00,1960,DONNA,17.7,-61.8,110,3
1960-09-05 04:00:00,1960,DONNA,18.1,-63.0,110,3
1960-09-08 06:00:00,1960,DONNA,22.2,-74.3,105,3
1960-09-08 16:00:00,1960,DONNA,22.4,-75.8,105,3
1960-09-10 07:00:00,1960,DONNA,24.8,-80.9,125,4
1960-09-10 16:00:00,1960,DONNA,25.9,-81.6,105,3
1960-09-12 04:00:00,1960,DONNA,34.6,-77.3,90,2
1960-09-12 19:00:00,1960,DONNA,40.7,-72.9,85,2
1960-09-12 20:00:00,1960,DONNA,41.3,-72.4,80,1
1960-09-15 21:00:00,1960,ETHEL,30.4,-89.0,70,1
1961-07-23 12:00:00,1961,ANNA,15.8,-84.3,70,1
1961-07-24 01:00:00,1961,ANNA,16.1,-86.9,75,1
1961-07-24 10:00:00,1961,ANNA,16.4,-88.5,75,1
1961-09-11 20:00:00,1961,CARLA,28.3,-96.4,125,4
1961-10-31 12:00:00,1961,HATTIE,17.1,-88.3,130,4
1963-08-09 15:30:00,1963,ARLENE,32.3,-64.8,95,2
1963-09-25 07:00:00,1963,EDITH,14.0,-60.9,85,2
1963-09-30 18:00:00,1963,FLORA,11.2,-60.7,90,2
1963-10-04 01:00:00,1963,FLORA,18.2,-73.0,130,4
1963-10-04 18:00:00,1963,FLORA,20.0,-74.9,105,3
1963-10-07 00:00:00,1963,FLORA,20.7,-78.1,85,2
1963-10-10 06:00:00,1963,FLORA,26.9,-66.5,95,2
1963-10-29 17:30:00,1963,GINNY,43.8,-65.8,90,2
1964-08-22 17:00:00,1964,CLEO,15.9,-61.3,110,3
1964-08-22 18:00:00,1964,CLEO,16.0,-61.6,110,3
1964-08-24 20:00:00,1964,CLEO,18.2,-73.7,130,4
1964-08-25 17:00:00,1964,CLEO,19.9,-77.4,70,1
1964-08-26 07:00:00,1964,CLEO,21.6,-79.0,70,1
1964-08-27 08:00:00,1964,CLEO,25.8,-80.1,95,2
1964-09-10 06:00:00,1964,DORA,29.9,-81.3,95,2
1964-10-03 23:00:00,1964,HILDA,29.5,-91.5,90,2
1964-10-13 19:00:00,1964,ISBELL,21.7,-84.5,85,2
1964-10-14 21:00:00,1964,ISBELL,25.8,-81.4,90,2
1965-09-07 20:00:00,1965,BETSY,25.3,-78.1,105,3
1965-09-08 11:00:00,1965,BETSY,25.0,-80.5,100,3
1965-09-10 04:00:00,1965,BETSY,29.2,-90.1,115,4
1966-06-08 08:00:00,1966,ALMA,21.5,-82.9,85,2
1966-06-08 12:00:00,1966,ALMA,22.7,-82.7,90,2
1966-06-09 21:00:00,1966,ALMA,30.1,-84.2,75,1
1966-09-27 17:00:00,1966,INEZ,16.2,-61.6,110,3
1966-09-29 14:00:00,1966,INEZ,17.7,-71.4,140,5
1966-09-29 19:00:00,1966,INEZ,18.2,-72.6,100,3
1966-09-30 14:00:00,1966,INEZ,20.0,-75.7,100,3
1966-10-01 15:00:00,1966,INEZ,21.6,-79.5,65,1
1966-10-04 18:00:00,1966,INEZ,25.0,-80.5,85,2
1966-10-04 23:00:00,1966,INEZ,24.7,-81.3,85,2
1966-10-05 02:00:00,1966,INEZ,24.6,-81.8,85,2
1966-10-10 12:00:00,1966,INEZ,22.8,-97.8,100,3
1967-09-17 03:00:00,1967,BEULAH,20.5,-86.8,110,3
1967-09-17 05:00:00,1967,BEULAH,20.5,-87.3,110,3
1967-09-20 12:00:00,1967,BEULAH,25.9,-97.2,110,3
1968-10-19 04:00:00,1968,GLADYS,28.7,-82.7,85,2
1969-08-15 22:00:00,1969,CAMILLE,21.9,-84.3,95,2
1969-08-18 04:00:00,1969,CAMILLE,30.3,-89.4,150,5
1969-09-03 21:00:00,1969,FRANCELIA,16.2,-88.8,85,2
1969-09-10 01:00:00,1969,GERDA,44.7,-67.3,70,1
1970-08-03 21:00:00,1970,CELIA,27.8,-97.1,120,4
1970-09-12 10:00:00,1970,ELLA,23.9,-97.7,110,3
1983-08-18 07:00:00,1983,ALICIA,29.1,-95.1,100,3
1983-08-28 17:25:00,1983,BARRY,25.4,-97.4,70,1
1984-09-13 07:00:00,1984,DIANA,33.9,-78.0,80,1
1985-07-25 03:00:00,1985,BOB,32.2,-80.5,65,1
1985-08-15 16:30:00,1985,DANNY,29.6,-92.7,80,1
1985-09-02 13:00:00,1985,ELENA,30.4,-89.2,100,3
1985-09-27 05:30:00,1985,GLORIA,35.2,-75.6,90,2
1985-09-27 16:00:00,1985,GLORIA,40.6,-73.3,75,1
1985-10-29 11:00:00,1985,JUAN,29.5,-91.4,65,1
1985-11-21 22:30:00,1985,KATE,30.0,-85.4,85,2
1986-06-26 10:00:00,1986,BONNIE,29.6,-94.2,75,1
1986-08-17 14:00:00,1986,CHARLEY,34.7,-76.5,65,1
1987-09-23 03:00:00,1987,EMILY,18.3,-71.0,95,2
1987-09-25 11:45:00,1987,EMILY,32.3,-64.7,75,1
1987-10-12 21:00:00,1987,FLOYD,25.1,-80.5,65,1
1988-09-03 00:00:00,1988,DEBBY,20.7,-97.3,65,1
1988-09-10 02:00:00,1988,FLORENCE,29.1,-89.3,70,1
1988-09-12 17:00:00,1988,GILBERT,17.8,-76.8,115,4
1988-09-14 15:00:00,1988,GILBERT,20.7,-87.0,140,5
1988-09-16 22:00:00,1988,GILBERT,24.2,-97.8,110,3
1988-10-22 10:00:00,1988,JOAN,11.9,-83.7,125,4
1989-08-01 13:00:00,1989,CHANTAL,29.6,-94.4,70,1
1989-09-17 05:00:00,1989,HUGO,16.3,-61.3,120,4
1989-09-18 06:00:00,1989,HUGO,17.7,-64.8,120,4
1989-09-18 12:00:00,1989,HUGO,18.2,-65.5,110,3
1989-09-18 13:00:00,1989,HUGO,18.3,-65.6,110,3
1989-09-22 04:00:00,1989,HUGO,32.8,-79.8,120,4
1989-10-16 00:30:00,1989,JERRY,29.2,-95.0,75,1
1990-08-07 19:00:00,1990,DIANA,20.9,-97.0,85,2
1991-08-19 17:20:00,1991,BOB,41.2,-71.6,90,2
1991-08-19 18:00:00,1991,BOB,41.4,-71.4,85,2
1992-08-23 21:00:00,1992,ANDREW,25.4,-76.6,140,5
1992-08-24 01:00:00,1992,ANDREW,25.4,-77.8,130,4
1992-08-24 08:40:00,1992,ANDREW,25.5,-80.2,145,5
1992-08-24 09:05:00,1992,ANDREW,25.5,-80.3,145,5
1992-08-26 08:30:00,1992,ANDREW,29.6,-91.5,100,3
1993-09-20 21:00:00,1993,GERT,21.2,-97.5,85,2
1995-08-02 06:15:00,1995,ERIN,27.7,-80.3,75,1
1995-08-03 16:00:00,1995,ERIN,30.3,-87.2,75,1
1995-09-14 21:00:00,1995,MARILYN,15.5,-61.3,70,1
1995-10-04 22:00:00,1995,OPAL,30.3,-87.1,100,3
1995-10-11 02:00:00,1995,ROXANNE,20.0,-87.6,100,3
1996-07-12 20:00:00,1996,BERTHA,34.3,-77.8,90,2
1996-07-28 04:00:00,1996,CESAR,12.2,-83.9,75,1
1996-08-20 17:30:00,1996,DOLLY,19.1,-87.7,65,1
1996-08-23 12:00:00,1996,DOLLY,21.6,-97.7,70,1
1996-09-06 00:30:00,1996,FRAN,33.9,-78.0,100,3
1996-09-10 06:00:00,1996,HORTENSE,18.0,-66.9,70,1
1996-09-15 03:00:00,1996,HORTENSE,44.8,-62.5,70,1
1996-10-18 09:30:00,1996,LILI,22.3,-82.0,85,2
1997-07-18 09:00:00,1997,DANNY,29.3,-89.7,65,1
1997-07-19 10:00:00,1997,DANNY,30.2,-88.1,70,1
1997-07-19 18:00:00,1997,DANNY,30.4,-87.9,65,1
1998-08-27 04:00:00,1998,BONNIE,34.4,-77.7,95,2
1998-09-03 06:00:00,1998,EARL,30.1,-85.7,70,1
1998-09-21 04:30:00,1998,GEORGES,17.0,-61.7,100,3
1998-09-21 08:00:00,1998,GEORGES,17.2,-62.6,100,3
1998-09-21 22:00:00,1998,GEORGES,18.1,-65.8,100,3
1998-09-22 12:30:00,1998,GEORGES,18.2,-68.7,105,3
1998-09-23 21:30:00,1998,GEORGES,20.1,-74.5,65,1
1998-09-25 15:30:00,1998,GEORGES,24.5,-81.8,90,2
1998-09-28 11:30:00,1998,GEORGES,30.4,-88.9,90,2
1998-10-29 12:00:00,1998,MITCH,15.9,-85.7,70,1
1999-08-23 00:00:00,1999,BRET,26.9,-97.4,100,3
1999-08-28 07:00:00,1999,DENNIS,26.6,-76.8,75,1
1999-09-14 12:00:00,1999,FLOYD,25.4,-76.3,105,3
1999-09-14 19:00:00,1999,FLOYD,26.3,-77.1,110,3
1999-09-16 06:30:00,1999,FLOYD,33.8,-78.0,90,2
1999-10-15 13:00:00,1999,IRENE,24.6,-81.6,65,1
1999-10-15 20:00:00,1999,IRENE,25.3,-81.1,70,1
1999-10-20 16:00:00,1999,JOSE,17.1,-61.7,80,1
1999-11-17 18:00:00,1999,LENNY,17.4,-64.8,135,4
1999-11-18 18:00:00,1999,LENNY,18.0,-63.3,110,3
1999-11-19 00:00:00,1999,LENNY,18.1,-63.1,85,2
1999-11-19 06:00:00,1999,LENNY,18.0,-62.9,75,1
2000-08-22 06:00:00,2000,DEBBY,17.5,-61.7,65,1
2000-08-22 09:15:00,2000,DEBBY,17.9,-62.8,65,1
2000-08-22 15:00:00,2000,DEBBY,18.5,-64.4,65,1
2000-10-02 23:00:00,2000,KEITH,17.9,-88.0,65,1
2000-10-05 18:00:00,2000,KEITH,22.6,-97.9,80,1
2001-10-09 02:00:00,2001,IRIS,16.3,-88.4,125,4
2001-11-04 18:00:00,2001,MICHELLE,21.5,-81.8,120,4
2001-11-04 23:00:00,2001,MICHELLE,22.1,-81.2,115,4
2001-11-05 12:00:00,2001,MICHELLE,24.3,-78.0,80,1
2001-11-05 18:00:00,2001,MICHELLE,25.4,-76.4,75,1
2002-09-12 04:30:00,2002,GUSTAV,45.6,-60.4,80,1
2002-09-12 09:00:00,2002,GUSTAV,47.6,-58.6,65,1
2002-09-20 21:00:00,2002,ISIDORE,22.0,-84.1,75,1
2002-09-22 21:00:00,2002,ISIDORE,21.3,-89.3,110,3
2002-09-30 14:00:00,2002,LILI,19.7,-79.8,65,1
2002-10-01 11:00:00,2002,LILI,21.3,-83.0,90,2
2002-10-01 14:00:00,2002,LILI,22.1,-84.0,90,2
2002-10-03 13:00:00,2002,LILI,29.5,-92.2,80,1
2003-07-15 15:30:00,2003,CLAUDETTE,28.3,-96.2,80,1
2003-08-16 10:30:00,2003,ERIKA,25.3,-97.4,65,1
2003-09-18 17:00:00,2003,ISABEL,34.9,-76.2,90,2
2003-09-29 03:00:00,2003,JUAN,44.4,-63.8,85,2
2004-08-13 04:30:00,2004,CHARLEY,22.7,-82.6,105,3
2004-08-13 19:45:00,2004,CHARLEY,26.6,-82.2,130,4
2004-08-13 20:45:00,2004,CHARLEY,26.9,-82.1,125,4
2004-08-14 14:00:00,2004,CHARLEY,33.0,-79.4,70,1
2004-08-14 16:00:00,2004,CHARLEY,33.8,-78.7,65,1
2004-08-29 14:00:00,2004,GASTON,33.0,-79.6,65,1
2004-09-02 19:30:00,2004,FRANCES,24.0,-74.5,110,3
2004-09-03 05:30:00,2004,FRANCES,24.6,-75.6,100,3
2004-09-03 10:00:00,2004,FRANCES,25.1,-76.1,95,2
2004-09-04 10:00:00,2004,FRANCES,26.6,-78.2,90,2
2004-09-05 04:30:00,2004,FRANCES,27.2,-80.2,90,2
2004-09-16 06:50:00,2004,IVAN,30.2,-87.9,105,3
2004-09-16 11:00:00,2004,JEANNE,18.6,-68.3,70,1
2004-09-25 14:00:00,2004,JEANNE,26.7,-77.3,100,3
2004-09-26 04:00:00,2004,JEANNE,27.2,-80.2,105,3
2005-07-06 03:00:00,2005,CINDY,29.2,-90.1,65,1
2005-07-08 02:45:00,2005,DENNIS,19.9,-77.6,120,4
2005-07-08 18:45:00,2005,DENNIS,22.1,-80.7,120,4
2005-07-10 19:30:00,2005,DENNIS,30.4,-87.1,105,3
2005-07-14 07:00:00,2005,EMILY,12.0,-61.8,75,1
2005-07-18 06:30:00,2005,EMILY,20.3,-87.4,115,4
2005-07-20 12:00:00,2005,EMILY,24.8,-97.6,110,3
2005-08-25 22:30:00,2005,KATRINA,26.0,-80.1,70,1
2005-08-29 11:10:00,2005,KATRINA,29.3,-89.6,110,3
2005-08-29 14:45:00,2005,KATRINA,30.2,-89.6,105,3
2005-09-24 07:40:00,2005,RITA,29.7,-93.7,100,3
2005-10-04 12:00:00,2005,STAN,18.6,-94.9,70,1
2005-10-21 21:45:00,2005,WILMA,20.6,-86.8,130,4
2005-10-22 03:30:00,2005,WILMA,20.8,-86.9,115,4
2005-10-24 10:30:00,2005,WILMA,25.9,-81.7,105,3
2005-10-30 12:00:00,2005,BETA,12.9,-83.5,90,2
2007-08-21 08:30:00,2007,DEAN,18.7,-87.7,150,5
2007-08-22 16:30:00,2007,DEAN,20.5,-97.0,85,2
2007-09-04 12:00:00,2007,FELIX,14.3,-83.2,140,5
2007-09-13 07:00:00,2007,HUMBERTO,29.6,-94.3,80,1
2007-09-28 05:00:00,2007,LORENZO,20.5,-97.0,65,1
2008-07-23 18:20:00,2008,DOLLY,26.4,-97.2,75,1
2008-07-23 20:00:00,2008,DOLLY,26.4,-97.4,70,1
2008-08-26 18:00:00,2008,GUSTAV,18.1,-72.8,70,1
2008-08-30 18:00:00,2008,GUSTAV,21.6,-82.5,125,4
2008-08-30 22:00:00,2008,GUSTAV,22.4,-83.1,135,4
2008-09-01 15:00:00,2008,GUSTAV,29.2,-90.7,90,2
2008-09-02 00:00:00,2008,HANNA,21.8,-72.3,75,1
2008-09-07 13:00:00,2008,IKE,21.0,-73.2,110,3
2008-09-08 02:00:00,2008,IKE,21.1,-75.7,115,4
2008-09-09 14:00:00,2008,IKE,22.6,-82.9,70,1
2008-09-13 07:00:00,2008,IKE,29.3,-94.7,95,2
2008-09-29 00:00:00,2008,KYLE,43.8,-66.2,65,1
2008-11-09 01:00:00,2008,PALOMA,20.7,-78.0,85,2
2009-11-05 12:00:00,2009,IDA,12.9,-83.6,70,1
2010-07-01 02:00:00,2010,ALEX,24.2,-97.7,95,2
2010-09-04 15:00:00,2010,EARL,44.3,-64.5,65,1
2010-09-17 16:45:00,2010,KARL,19.3,-96.2,100,3
2010-09-21 15:00:00,2010,IGOR,46.6,-53.2,75,1
2010-10-25 00:30:00,2010,RICHARD,17.2,-88.3,85,2
2010-10-30 20:00:00,2010,TOMAS,13.4,-61.2,85,2
2011-08-24 16:00:00,2011,IRENE,22.4,-74.0,100,3
2011-08-25 00:00:00,2011,IRENE,23.5,-75.1,95,2
2011-08-25 09:00:00,2011,IRENE,24.7,-76.2,90,2
2011-08-25 18:00:00,2011,IRENE,26.5,-77.2,90,2
2011-08-27 12:00:00,2011,IRENE,34.7,-76.6,75,1
2012-08-08 01:00:00,2012,ERNESTO,18.7,-87.2,80,1
2012-08-08 03:15:00,2012,ERNESTO,18.8,-87.7,85,2
2012-08-20 05:30:00,2012,GORDON,37.0,-25.1,65,1
2012-08-29 00:00:00,2012,ISAAC,28.9,-89.4,70,1
2012-08-29 08:00:00,2012,ISAAC,29.2,-90.2,70,1
2012-10-24 19:00:00,2012,SANDY,17.9,-76.6,75,1
2012-10-25 05:25:00,2012,SANDY,20.0,-76.0,100,3
2012-10-29 23:30:00,2012,SANDY,39.4,-74.4,70,1
2014-07-04 03:15:00,2014,ARTHUR,34.7,-76.6,85,2
2014-07-04 08:00:00,2014,ARTHUR,35.8,-75.5,85,2
2014-10-12 08:10:00,2014,FAY,32.3,-64.7,70,1
2014-10-13 14:30:00,2014,GONZALO,17.1,-61.8,65,1
2014-10-13 22:45:00,2014,GONZALO,18.1,-63.0,75,1
2014-10-13 23:15:00,2014,GONZALO,18.2,-63.1,75,1
2014-10-18 00:30:00,2014,GONZALO,32.3,-64.8,95,2
2015-10-01 12:00:00,2015,JOAQUIN,23.1,-73.7,115,4
2015-10-02 16:00:00,2015,JOAQUIN,23.6,-74.8,110,3
2015-10-02 21:00:00,2015,JOAQUIN,24.1,-74.5,110,3
2016-08-04 04:00:00,2016,EARL,17.4,-87.8,75,1
2016-08-04 06:00:00,2016,EARL,17.4,-88.3,75,1
2016-09-02 05:30:00,2016,HERMINE,30.1,-84.1,70,1
2016-10-04 11:00:00,2016,MATTHEW,18.3,-74.3,130,4
2016-10-05 00:00:00,2016,MATTHEW,20.1,-74.3,115,4
2016-10-07 00:00:00,2016,MATTHEW,26.7,-79.0,115,4
2016-10-08 15:00:00,2016,MATTHEW,33.0,-79.5,75,1
2016-11-24 17:30:00,2016,OTTO,11.0,-83.8,100,3
2017-08-10 05:00:00,2017,FRANKLIN,20.0,-96.6,70,1
2017-08-26 03:00:00,2017,HARVEY,28.0,-96.9,115,4
2017-08-26 06:00:00,2017,HARVEY,28.2,-97.1,105,3
2017-09-06 05:45:00,2017,IRMA,17.7,-61.8,155,5
2017-09-06 11:15:00,2017,IRMA,18.1,-63.1,155,5
2017-09-06 16:30:00,2017,IRMA,18.5,-64.4,155,5
2017-09-08 05:00:00,2017,IRMA,21.5,-73.0,135,4
2017-09-09 03:00:00,2017,IRMA,22.3,-77.9,145,5
2017-09-09 03:00:00,2017,KATIA,20.6,-97.1,65,1
2017-09-10 13:00:00,2017,IRMA,24.7,-81.5,115,4
2017-09-10 19:30:00,2017,IRMA,25.9,-81.7,100,3
2017-09-19 01:15:00,2017,MARIA,15.4,-61.3,145,5
2017-09-20 10:15:00,2017,MARIA,18.0,-65.9,135,4
2017-10-08 00:00:00,2017,NATE,29.1,-89.2,75,1
2017-10-08 05:20:00,2017,NATE,30.4,-89.0,65,1
2017-10-16 11:00:00,2017,OPHELIA,51.9,-10.4,65,1
2018-09-14 11:15:00,2018,FLORENCE,34.2,-77.8,80,1
2018-10-10 17:30:00,2018,MICHAEL,30.0,-85.5,140,5
2019-07-13 15:00:00,2019,BARRY,29.6,-92.2,65,1
2019-08-28 15:30:00,2019,DORIAN,17.8,-64.6,65,1
2019-08-28 18:00:00,2019,DORIAN,18.4,-65.1,70,1
2019-09-01 16:40:00,2019,DORIAN,26.5,-77.0,160,5
2019-09-02 02:15:00,2019,DORIAN,26.6,-77.8,155,5
2019-09-06 12:30:00,2019,DORIAN,35.2,-75.6,85,2
2020-07-25 22:00:00,2020,HANNA,26.8,-97.3,80,1
2020-07-25 23:15:00,2020,HANNA,26.7,-97.5,80,1
2020-07-31 09:00:00,2020,ISAIAS,20.9,-73.4,70,1
2020-08-01 13:00:00,2020,ISAIAS,24.4,-77.7,70,1
2020-08-04 03:10:00,2020,ISAIAS,33.9,-78.5,80,1
2020-08-27 06:00:00,2020,LAURA,29.8,-93.3,130,4
2020-09-03 06:00:00,2020,NANA,16.8,-88.3,65,1
2020-09-14 08:50:00,2020,PAULETTE,32.3,-64.7,85,2
2020-09-16 09:45:00,2020,SALLY,30.3,-87.7,95,2
2020-10-03 16:45:00,2020,GAMMA,20.2,-87.4,65,1
2020-10-07 10:30:00,2020,DELTA,20.8,-86.9,90,2
2020-10-09 23:00:00,2020,DELTA,29.8,-93.1,85,2
2020-10-27 03:55:00,2020,ZETA,20.4,-87.4,75,1
2020-10-28 21:00:00,2020,ZETA,29.2,-90.6,100,3
2020-11-03 21:00:00,2020,ETA,13.8,-83.5,120,4
2020-11-17 03:40:00,2020,IOTA,13.6,-83.5,125,4
2021-08-19 09:45:00,2021,GRACE,20.1,-87.5,75,1
2021-08-21 05:30:00,2021,GRACE,20.6,-97.1,105,3
2021-08-27 18:00:00,2021,IDA,21.5,-82.6,70,1
2021-08-27 23:25:00,2021,IDA,22.4,-83.2,70,1
2021-08-29 16:55:00,2021,IDA,29.1,-90.2,130,4
2021-09-11 03:30:00,2021,LARRY,47.3,-54.6,70,1
2021-09-14 05:30:00,2021,NICHOLAS,28.7,-95.7,65,1
2022-09-18 19:20:00,2022,FIONA,18.0,-67.1,75,1
2022-09-19 07:30:00,2022,FIONA,18.4,-68.5,80,1
2022-09-20 11:00:00,2022,FIONA,21.4,-71.1,100,3
2022-09-24 07:00:00,2022,FIONA,45.2,-61.2,85,2
2022-09-27 08:30:00,2022,IAN,22.2,-83.7,110,3
2022-09-28 02:00:00,2022,IAN,24.6,-82.9,110,3
2022-09-28 19:05:00,2022,IAN,26.7,-82.2,130,4
2022-09-28 20:35:00,2022,IAN,26.8,-82.0,125,4
2022-09-30 18:05:00,2022,IAN,33.3,-79.2,70,1
2022-10-09 07:15:00,2022,JULIA,12.4,-83.6,75,1
2022-11-02 21:30:00,2022,LISA,17.4,-88.3,80,1
2022-11-09 23:00:00,2022,NICOLE,26.6,-78.2,65,1
2022-11-10 07:45:00,2022,NICOLE,27.6,-80.3,65,1
2023-08-30 11:45:00,2023,IDALIA,29.9,-83.6,100,3
2023-10-22 01:15:00,2023,TAMMY,17.6,-61.8,80,1
